"번호","메뉴","끼니","간편 링크에 붙여 넣을 쿠팡 주소","파트너스 링크"
"1","누룽지","아침","https://www.coupang.com/np/search?q=%EB%88%84%EB%A3%BD%EC%A7%80%20%EC%9E%AC%EB%A3%8C",""
"2","전복죽","아침","https://www.coupang.com/np/search?q=%EC%A0%84%EB%B3%B5%EC%A3%BD%20%EC%9E%AC%EB%A3%8C",""
"3","간장계란밥","아침","https://www.coupang.com/np/search?q=%EA%B0%84%EC%9E%A5%EA%B3%84%EB%9E%80%EB%B0%A5%20%EC%9E%AC%EB%A3%8C",""
"4","계란말이","아침","https://www.coupang.com/np/search?q=%EA%B3%84%EB%9E%80%EB%A7%90%EC%9D%B4%20%EC%9E%AC%EB%A3%8C",""
"5","미역국","아침","https://www.coupang.com/np/search?q=%EB%AF%B8%EC%97%AD%EA%B5%AD%20%EC%9E%AC%EB%A3%8C",""
"6","황태해장국","아침","https://www.coupang.com/np/search?q=%ED%99%A9%ED%83%9C%ED%95%B4%EC%9E%A5%EA%B5%AD%20%EC%9E%AC%EB%A3%8C",""
"7","떡국","아침","https://www.coupang.com/np/search?q=%EB%96%A1%EA%B5%AD%20%EC%9E%AC%EB%A3%8C",""
"8","토스트","아침","https://www.coupang.com/np/search?q=%ED%86%A0%EC%8A%A4%ED%8A%B8%20%EC%9E%AC%EB%A3%8C",""
"9","프렌치토스트","아침","https://www.coupang.com/np/search?q=%ED%94%84%EB%A0%8C%EC%B9%98%ED%86%A0%EC%8A%A4%ED%8A%B8%20%EC%9E%AC%EB%A3%8C",""
"10","팬케이크","아침","https://www.coupang.com/np/search?q=%ED%8C%AC%EC%BC%80%EC%9D%B4%ED%81%AC%20%EC%9E%AC%EB%A3%8C",""
"11","오믈렛","아침","https://www.coupang.com/np/search?q=%EC%98%A4%EB%AF%88%EB%A0%9B%20%EC%9E%AC%EB%A3%8C",""
"12","에그 베네딕트","아침","https://www.coupang.com/np/search?q=%EC%97%90%EA%B7%B8%20%EB%B2%A0%EB%84%A4%EB%94%95%ED%8A%B8%20%EC%9E%AC%EB%A3%8C",""
"13","베이글","아침","https://www.coupang.com/np/search?q=%EB%B2%A0%EC%9D%B4%EA%B8%80%20%EC%9E%AC%EB%A3%8C",""
"14","크루아상","아침","https://www.coupang.com/np/search?q=%ED%81%AC%EB%A3%A8%EC%95%84%EC%83%81%20%EC%9E%AC%EB%A3%8C",""
"15","스크램블 에그","아침","https://www.coupang.com/np/search?q=%EC%8A%A4%ED%81%AC%EB%9E%A8%EB%B8%94%20%EC%97%90%EA%B7%B8%20%EC%9E%AC%EB%A3%8C",""
"16","시리얼","아침","https://www.coupang.com/np/search?q=%EC%8B%9C%EB%A6%AC%EC%96%BC%20%EC%9E%AC%EB%A3%8C",""
"17","오트밀","아침","https://www.coupang.com/np/search?q=%EC%98%A4%ED%8A%B8%EB%B0%80%20%EC%9E%AC%EB%A3%8C",""
"18","요거트 그래놀라","아침","https://www.coupang.com/np/search?q=%EC%9A%94%EA%B1%B0%ED%8A%B8%20%EA%B7%B8%EB%9E%98%EB%86%80%EB%9D%BC%20%EC%9E%AC%EB%A3%8C",""
"19","삶은 달걀","아침","https://www.coupang.com/np/search?q=%EC%82%B6%EC%9D%80%20%EB%8B%AC%EA%B1%80%20%EC%9E%AC%EB%A3%8C",""
"20","군고구마","아침","https://www.coupang.com/np/search?q=%EA%B5%B0%EA%B3%A0%EA%B5%AC%EB%A7%88%20%EC%9E%AC%EB%A3%8C",""
"21","주먹밥","아침","https://www.coupang.com/np/search?q=%EC%A3%BC%EB%A8%B9%EB%B0%A5%20%EC%9E%AC%EB%A3%8C",""
"22","김치찌개","점심","https://www.coupang.com/np/search?q=%EA%B9%80%EC%B9%98%EC%B0%8C%EA%B0%9C%20%EC%9E%AC%EB%A3%8C",""
"23","된장찌개","점심","https://www.coupang.com/np/search?q=%EB%90%9C%EC%9E%A5%EC%B0%8C%EA%B0%9C%20%EC%9E%AC%EB%A3%8C",""
"24","제육볶음","점심","https://www.coupang.com/np/search?q=%EC%A0%9C%EC%9C%A1%EB%B3%B6%EC%9D%8C%20%EC%9E%AC%EB%A3%8C",""
"25","비빔밥","점심","https://www.coupang.com/np/search?q=%EB%B9%84%EB%B9%94%EB%B0%A5%20%EC%9E%AC%EB%A3%8C",""
"26","순대국","점심","https://www.coupang.com/np/search?q=%EC%88%9C%EB%8C%80%EA%B5%AD%20%EC%9E%AC%EB%A3%8C",""
"27","갈비탕","점심","https://www.coupang.com/np/search?q=%EA%B0%88%EB%B9%84%ED%83%95%20%EC%9E%AC%EB%A3%8C",""
"28","냉면","점심","https://www.coupang.com/np/search?q=%EB%83%89%EB%A9%B4%20%EC%9E%AC%EB%A3%8C",""
"29","삼계탕","점심","https://www.coupang.com/np/search?q=%EC%82%BC%EA%B3%84%ED%83%95%20%EC%9E%AC%EB%A3%8C",""
"30","뚝배기 불고기","점심","https://www.coupang.com/np/search?q=%EB%9A%9D%EB%B0%B0%EA%B8%B0%20%EB%B6%88%EA%B3%A0%EA%B8%B0%20%EC%9E%AC%EB%A3%8C",""
"31","부대찌개","점심","https://www.coupang.com/np/search?q=%EB%B6%80%EB%8C%80%EC%B0%8C%EA%B0%9C%20%EC%9E%AC%EB%A3%8C",""
"32","닭갈비","점심","https://www.coupang.com/np/search?q=%EB%8B%AD%EA%B0%88%EB%B9%84%20%EC%9E%AC%EB%A3%8C",""
"33","콩나물국밥","점심","https://www.coupang.com/np/search?q=%EC%BD%A9%EB%82%98%EB%AC%BC%EA%B5%AD%EB%B0%A5%20%EC%9E%AC%EB%A3%8C",""
"34","짜장면","점심","https://www.coupang.com/np/search?q=%EC%A7%9C%EC%9E%A5%EB%A9%B4%20%EC%9E%AC%EB%A3%8C",""
"35","짬뽕","점심","https://www.coupang.com/np/search?q=%EC%A7%AC%EB%BD%95%20%EC%9E%AC%EB%A3%8C",""
"36","볶음밥","점심","https://www.coupang.com/np/search?q=%EB%B3%B6%EC%9D%8C%EB%B0%A5%20%EC%9E%AC%EB%A3%8C",""
"37","탕수육","점심","https://www.coupang.com/np/search?q=%ED%83%95%EC%88%98%EC%9C%A1%20%EC%9E%AC%EB%A3%8C",""
"38","마파두부밥","점심","https://www.coupang.com/np/search?q=%EB%A7%88%ED%8C%8C%EB%91%90%EB%B6%80%EB%B0%A5%20%EC%9E%AC%EB%A3%8C",""
"39","잡채밥","점심","https://www.coupang.com/np/search?q=%EC%9E%A1%EC%B1%84%EB%B0%A5%20%EC%9E%AC%EB%A3%8C",""
"40","마라탕","점심","https://www.coupang.com/np/search?q=%EB%A7%88%EB%9D%BC%ED%83%95%20%EC%9E%AC%EB%A3%8C",""
"41","초밥","점심","https://www.coupang.com/np/search?q=%EC%B4%88%EB%B0%A5%20%EC%9E%AC%EB%A3%8C",""
"42","돈카츠","점심","https://www.coupang.com/np/search?q=%EB%8F%88%EC%B9%B4%EC%B8%A0%20%EC%9E%AC%EB%A3%8C",""
"43","라멘","점심","https://www.coupang.com/np/search?q=%EB%9D%BC%EB%A9%98%20%EC%9E%AC%EB%A3%8C",""
"44","우동","점심","https://www.coupang.com/np/search?q=%EC%9A%B0%EB%8F%99%20%EC%9E%AC%EB%A3%8C",""
"45","규동","점심","https://www.coupang.com/np/search?q=%EA%B7%9C%EB%8F%99%20%EC%9E%AC%EB%A3%8C",""
"46","회덮밥","점심","https://www.coupang.com/np/search?q=%ED%9A%8C%EB%8D%AE%EB%B0%A5%20%EC%9E%AC%EB%A3%8C",""
"47","소바","점심","https://www.coupang.com/np/search?q=%EC%86%8C%EB%B0%94%20%EC%9E%AC%EB%A3%8C",""
"48","파스타","점심","https://www.coupang.com/np/search?q=%ED%8C%8C%EC%8A%A4%ED%83%80%20%EC%9E%AC%EB%A3%8C",""
"49","햄버거","점심","https://www.coupang.com/np/search?q=%ED%96%84%EB%B2%84%EA%B1%B0%20%EC%9E%AC%EB%A3%8C",""
"50","리조또","점심","https://www.coupang.com/np/search?q=%EB%A6%AC%EC%A1%B0%EB%98%90%20%EC%9E%AC%EB%A3%8C",""
"51","샌드위치","점심","https://www.coupang.com/np/search?q=%EC%83%8C%EB%93%9C%EC%9C%84%EC%B9%98%20%EC%9E%AC%EB%A3%8C",""
"52","피자","점심","https://www.coupang.com/np/search?q=%ED%94%BC%EC%9E%90%20%EC%9E%AC%EB%A3%8C",""
"53","샐러드","점심","https://www.coupang.com/np/search?q=%EC%83%90%EB%9F%AC%EB%93%9C%20%EC%9E%AC%EB%A3%8C",""
"54","떡볶이","점심","https://www.coupang.com/np/search?q=%EB%96%A1%EB%B3%B6%EC%9D%B4%20%EC%9E%AC%EB%A3%8C",""
"55","김밥","점심","https://www.coupang.com/np/search?q=%EA%B9%80%EB%B0%A5%20%EC%9E%AC%EB%A3%8C",""
"56","라볶이","점심","https://www.coupang.com/np/search?q=%EB%9D%BC%EB%B3%B6%EC%9D%B4%20%EC%9E%AC%EB%A3%8C",""
"57","쫄면","점심","https://www.coupang.com/np/search?q=%EC%AB%84%EB%A9%B4%20%EC%9E%AC%EB%A3%8C",""
"58","만두","점심","https://www.coupang.com/np/search?q=%EB%A7%8C%EB%91%90%20%EC%9E%AC%EB%A3%8C",""
"59","칼국수","점심","https://www.coupang.com/np/search?q=%EC%B9%BC%EA%B5%AD%EC%88%98%20%EC%9E%AC%EB%A3%8C",""
"60","잔치국수","점심","https://www.coupang.com/np/search?q=%EC%9E%94%EC%B9%98%EA%B5%AD%EC%88%98%20%EC%9E%AC%EB%A3%8C",""
"61","쌀국수","점심","https://www.coupang.com/np/search?q=%EC%8C%80%EA%B5%AD%EC%88%98%20%EC%9E%AC%EB%A3%8C",""
"62","팟타이","점심","https://www.coupang.com/np/search?q=%ED%8C%9F%ED%83%80%EC%9D%B4%20%EC%9E%AC%EB%A3%8C",""
"63","카레","점심","https://www.coupang.com/np/search?q=%EC%B9%B4%EB%A0%88%20%EC%9E%AC%EB%A3%8C",""
"64","분짜","점심","https://www.coupang.com/np/search?q=%EB%B6%84%EC%A7%9C%20%EC%9E%AC%EB%A3%8C",""
"65","나시고렝","점심","https://www.coupang.com/np/search?q=%EB%82%98%EC%8B%9C%EA%B3%A0%EB%A0%9D%20%EC%9E%AC%EB%A3%8C",""
"66","삼겹살","저녁","https://www.coupang.com/np/search?q=%EC%82%BC%EA%B2%B9%EC%82%B4%20%EC%9E%AC%EB%A3%8C",""
"67","갈비","저녁","https://www.coupang.com/np/search?q=%EA%B0%88%EB%B9%84%20%EC%9E%AC%EB%A3%8C",""
"68","곱창","저녁","https://www.coupang.com/np/search?q=%EA%B3%B1%EC%B0%BD%20%EC%9E%AC%EB%A3%8C",""
"69","양꼬치","저녁","https://www.coupang.com/np/search?q=%EC%96%91%EA%BC%AC%EC%B9%98%20%EC%9E%AC%EB%A3%8C",""
"70","차돌박이","저녁","https://www.coupang.com/np/search?q=%EC%B0%A8%EB%8F%8C%EB%B0%95%EC%9D%B4%20%EC%9E%AC%EB%A3%8C",""
"71","치킨","저녁","https://www.coupang.com/np/search?q=%EC%B9%98%ED%82%A8%20%EC%9E%AC%EB%A3%8C",""
"72","보쌈","저녁","https://www.coupang.com/np/search?q=%EB%B3%B4%EC%8C%88%20%EC%9E%AC%EB%A3%8C",""
"73","족발","저녁","https://www.coupang.com/np/search?q=%EC%A1%B1%EB%B0%9C%20%EC%9E%AC%EB%A3%8C",""
"74","감자탕","저녁","https://www.coupang.com/np/search?q=%EA%B0%90%EC%9E%90%ED%83%95%20%EC%9E%AC%EB%A3%8C",""
"75","닭볶음탕","저녁","https://www.coupang.com/np/search?q=%EB%8B%AD%EB%B3%B6%EC%9D%8C%ED%83%95%20%EC%9E%AC%EB%A3%8C",""
"76","찜닭","저녁","https://www.coupang.com/np/search?q=%EC%B0%9C%EB%8B%AD%20%EC%9E%AC%EB%A3%8C",""
"77","파전","저녁","https://www.coupang.com/np/search?q=%ED%8C%8C%EC%A0%84%20%EC%9E%AC%EB%A3%8C",""
"78","아귀찜","저녁","https://www.coupang.com/np/search?q=%EC%95%84%EA%B7%80%EC%B0%9C%20%EC%9E%AC%EB%A3%8C",""
"79","김치찜","저녁","https://www.coupang.com/np/search?q=%EA%B9%80%EC%B9%98%EC%B0%9C%20%EC%9E%AC%EB%A3%8C",""
"80","마라샹궈","저녁","https://www.coupang.com/np/search?q=%EB%A7%88%EB%9D%BC%EC%83%B9%EA%B6%88%20%EC%9E%AC%EB%A3%8C",""
"81","훠궈","저녁","https://www.coupang.com/np/search?q=%ED%9B%A0%EA%B6%88%20%EC%9E%AC%EB%A3%8C",""
"82","깐풍기","저녁","https://www.coupang.com/np/search?q=%EA%B9%90%ED%92%8D%EA%B8%B0%20%EC%9E%AC%EB%A3%8C",""
"83","양장피","저녁","https://www.coupang.com/np/search?q=%EC%96%91%EC%9E%A5%ED%94%BC%20%EC%9E%AC%EB%A3%8C",""
"84","딤섬","저녁","https://www.coupang.com/np/search?q=%EB%94%A4%EC%84%AC%20%EC%9E%AC%EB%A3%8C",""
"85","샤브샤브","저녁","https://www.coupang.com/np/search?q=%EC%83%A4%EB%B8%8C%EC%83%A4%EB%B8%8C%20%EC%9E%AC%EB%A3%8C",""
"86","스키야키","저녁","https://www.coupang.com/np/search?q=%EC%8A%A4%ED%82%A4%EC%95%BC%ED%82%A4%20%EC%9E%AC%EB%A3%8C",""
"87","모둠 사시미","저녁","https://www.coupang.com/np/search?q=%EB%AA%A8%EB%91%A0%20%EC%82%AC%EC%8B%9C%EB%AF%B8%20%EC%9E%AC%EB%A3%8C",""
"88","오코노미야키","저녁","https://www.coupang.com/np/search?q=%EC%98%A4%EC%BD%94%EB%85%B8%EB%AF%B8%EC%95%BC%ED%82%A4%20%EC%9E%AC%EB%A3%8C",""
"89","야키토리","저녁","https://www.coupang.com/np/search?q=%EC%95%BC%ED%82%A4%ED%86%A0%EB%A6%AC%20%EC%9E%AC%EB%A3%8C",""
"90","텐동","저녁","https://www.coupang.com/np/search?q=%ED%85%90%EB%8F%99%20%EC%9E%AC%EB%A3%8C",""
"91","스테이크","저녁","https://www.coupang.com/np/search?q=%EC%8A%A4%ED%85%8C%EC%9D%B4%ED%81%AC%20%EC%9E%AC%EB%A3%8C",""
"92","감바스","저녁","https://www.coupang.com/np/search?q=%EA%B0%90%EB%B0%94%EC%8A%A4%20%EC%9E%AC%EB%A3%8C",""
"93","라자냐","저녁","https://www.coupang.com/np/search?q=%EB%9D%BC%EC%9E%90%EB%83%90%20%EC%9E%AC%EB%A3%8C",""
"94","피시 앤 칩스","저녁","https://www.coupang.com/np/search?q=%ED%94%BC%EC%8B%9C%20%EC%95%A4%20%EC%B9%A9%EC%8A%A4%20%EC%9E%AC%EB%A3%8C",""
"95","월남쌈","저녁","https://www.coupang.com/np/search?q=%EC%9B%94%EB%82%A8%EC%8C%88%20%EC%9E%AC%EB%A3%8C",""
"96","포케","저녁","https://www.coupang.com/np/search?q=%ED%8F%AC%EC%BC%80%20%EC%9E%AC%EB%A3%8C",""
"97","두부조림","저녁","https://www.coupang.com/np/search?q=%EB%91%90%EB%B6%80%EC%A1%B0%EB%A6%BC%20%EC%9E%AC%EB%A3%8C",""
"98","도토리묵무침","저녁","https://www.coupang.com/np/search?q=%EB%8F%84%ED%86%A0%EB%A6%AC%EB%AC%B5%EB%AC%B4%EC%B9%A8%20%EC%9E%AC%EB%A3%8C",""
"99","닭가슴살 샐러드","저녁","https://www.coupang.com/np/search?q=%EB%8B%AD%EA%B0%80%EC%8A%B4%EC%82%B4%20%EC%83%90%EB%9F%AC%EB%93%9C%20%EC%9E%AC%EB%A3%8C",""
