번호,메뉴,꼭 필요한 재료,있으면 좋은 재료
1,누룽지,누룽지,
2,전복죽,쌀 / 전복,
3,간장계란밥,밥 / 달걀,김 / 버터
4,계란말이,달걀,대파·쪽파 / 당근
5,미역국,미역 / 소고기,
6,황태해장국,황태채 / 무 / 달걀,대파·쪽파
7,떡국,떡 / 소고기 / 달걀,대파·쪽파 / 김
8,토스트,식빵·빵,버터 / 딸기잼
9,프렌치토스트,식빵·빵 / 달걀 / 우유,버터
10,팬케이크,달걀 / 우유 / 베이킹파우더,버터
11,오믈렛,달걀,우유 / 버터 / 치즈 / 햄·소시지
12,에그 베네딕트,잉글리시 머핀 / 달걀 / 햄·소시지 / 버터,
13,베이글,베이글 / 크림치즈,햄·소시지 / 양파
14,크루아상,크루아상 / 달걀 / 치즈 / 햄·소시지,상추·양상추
15,스크램블 에그,달걀,우유 / 버터
16,시리얼,시리얼 / 우유,
17,오트밀,오트밀,우유
18,요거트 그래놀라,요거트 / 그래놀라,
19,삶은 달걀,달걀,
20,군고구마,고구마,
21,주먹밥,밥 / 참치캔 / 김,
22,김치찌개,김치 / 돼지고기,두부 / 대파·쪽파
23,된장찌개,두부,감자 / 애호박 / 양파 / 대파·쪽파 / 청양고추
24,제육볶음,돼지고기,양파 / 대파·쪽파
25,비빔밥,밥 / 달걀,시금치 / 콩나물 / 당근 / 애호박 / 소고기
26,순대국,순대 / 돼지고기,대파·쪽파
27,갈비탕,소고기 / 무,양파 / 대파·쪽파 / 당면
28,냉면,냉면 사리 / 냉면 육수,오이 / 달걀
29,삼계탕,닭고기 / 쌀,대파·쪽파 / 수삼 / 대추
30,뚝배기 불고기,소고기,양파 / 버섯 / 당면 / 대파·쪽파
31,부대찌개,햄·소시지 / 김치,라면 / 두부 / 양파 / 대파·쪽파 / 치즈
32,닭갈비,닭고기 / 양배추,고구마 / 양파 / 대파·쪽파 / 떡 / 깻잎
33,콩나물국밥,콩나물 / 밥,달걀 / 대파·쪽파 / 청양고추 / 김
34,짜장면,중화면 / 춘장 / 돼지고기 / 양파,양배추 / 애호박
35,짬뽕,중화면 / 오징어,새우 / 조개 / 돼지고기 / 양파 / 양배추 / 애호박 / 대파·쪽파
36,볶음밥,밥 / 달걀,대파·쪽파 / 새우 / 햄·소시지 / 당근 / 양파
37,탕수육,돼지고기,양파 / 당근 / 오이 / 달걀
38,마파두부밥,두부 / 돼지고기 / 밥 / 두반장,대파·쪽파
39,잡채밥,당면 / 밥,돼지고기 / 소고기 / 시금치 / 양파 / 당근 / 버섯
40,마라탕,마라탕 소스,소고기 / 청경채 / 숙주 / 배추 / 버섯 / 당면 / 어묵 / 두부
41,초밥,밥 / 생선회,
42,돈카츠,돼지고기 / 달걀,양배추
43,라멘,생라멘면,돼지고기 / 달걀 / 대파·쪽파 / 김 / 숙주
44,우동,우동면,어묵 / 대파·쪽파
45,규동,소고기 / 양파 / 밥,대파·쪽파
46,회덮밥,밥 / 생선회,상추·양상추 / 오이 / 당근 / 깻잎
47,소바,메밀면 / 쯔유,무 / 대파·쪽파 / 김
48,파스타,파스타면 / 소고기 / 토마토소스,양파 / 당근 / 치즈
49,햄버거,햄버거 번 / 소고기,양파 / 치즈 / 상추·양상추 / 토마토
50,리조또,쌀 / 토마토소스,새우 / 오징어 / 조개 / 양파 / 버터 / 치즈
51,샌드위치,식빵·빵 / 햄·소시지,치즈 / 상추·양상추 / 토마토
52,피자,또띠아 / 토마토소스 / 치즈,햄·소시지 / 양파 / 파프리카
53,샐러드,상추·양상추,토마토 / 오이 / 달걀 / 닭고기
54,떡볶이,떡,어묵 / 대파·쪽파 / 달걀
55,김밥,밥 / 김,햄·소시지 / 달걀 / 시금치 / 당근 / 단무지 / 게맛살
56,라볶이,떡 / 라면,어묵 / 대파·쪽파 / 달걀
57,쫄면,쫄면 사리,양배추 / 오이 / 당근 / 콩나물 / 달걀
58,만두,만두피 / 돼지고기,두부 / 김치 / 숙주 / 당면 / 대파·쪽파
59,칼국수,칼국수 면 / 조개,감자 / 애호박 / 양파 / 대파·쪽파
60,잔치국수,국수·소면,애호박 / 당근 / 달걀 / 김
61,쌀국수,쌀국수 면 / 소고기,양파 / 숙주 / 대파·쪽파 / 피시소스
62,팟타이,쌀국수 면 / 새우 / 달걀,두부 / 숙주 / 부추 / 피시소스
63,카레,카레 / 감자 / 양파 / 밥,당근 / 소고기 / 돼지고기
64,분짜,돼지고기 / 쌀국수 면,상추·양상추 / 오이 / 당근 / 무 / 피시소스
65,나시고렝,밥 / 달걀,닭고기 / 새우 / 양파 / 청양고추 / 오이 / 토마토
66,삼겹살,돼지고기,상추·양상추 / 깻잎 / 김치
67,갈비,소고기,양파 / 배
68,곱창,손질 곱창,양배추 / 양파 / 대파·쪽파 / 깻잎 / 떡
69,양꼬치,양고기 / 쯔란,
70,차돌박이,소고기,부추 / 양파
71,치킨,닭고기,우유
72,보쌈,돼지고기,대파·쪽파 / 양파 / 배추 / 김치
73,족발,족발용 돼지 앞다리,대파·쪽파 / 양파
74,감자탕,돼지 등뼈 / 감자,우거지 / 깻잎 / 대파·쪽파
75,닭볶음탕,닭고기 / 감자,당근 / 양파 / 대파·쪽파 / 청양고추
76,찜닭,닭고기 / 당면,감자 / 당근 / 양파 / 대파·쪽파
77,파전,대파·쪽파,달걀 / 오징어 / 새우 / 청양고추
78,아귀찜,아귀 / 콩나물,미나리 / 대파·쪽파
79,김치찜,김치 / 돼지고기,양파 / 대파·쪽파
80,마라샹궈,마라샹궈 소스,소고기 / 새우 / 감자 / 청경채 / 버섯 / 당면 / 연근
81,훠궈,훠궈 소스,소고기 / 청경채 / 배추 / 버섯 / 두부 / 어묵 / 당면
82,깐풍기,닭고기,달걀 / 대파·쪽파 / 청양고추
83,양장피,양장피,새우 / 오징어 / 돼지고기 / 오이 / 당근 / 달걀 / 버섯 / 양파 / 부추
84,딤섬,만두피 / 돼지고기 / 새우,버섯 / 대파·쪽파 / 당근
85,샤브샤브,소고기,배추 / 청경채 / 버섯 / 두부
86,스키야키,소고기,두부 / 대파·쪽파 / 배추 / 버섯 / 달걀 / 쑥갓
87,모둠 사시미,생선회,무 / 깻잎
88,오코노미야키,양배추 / 달걀,돼지고기 / 대파·쪽파 / 오코노미야키 소스
89,야키토리,닭고기 / 대파·쪽파,
90,텐동,새우 / 밥,단호박 / 가지 / 연근
91,스테이크,소고기,버터 / 버섯
92,감바스,새우,토마토 / 식빵·빵 / 브로콜리
93,라자냐,라자냐 면 / 소고기 / 토마토소스 / 치즈,양파 / 달걀
94,피시 앤 칩스,흰살생선 / 감자,
95,월남쌈,라이스페이퍼 / 새우,쌀국수 면 / 상추·양상추 / 오이 / 당근 / 파프리카
96,포케,생선회 / 밥,오이 / 양파 / 아보카도
97,두부조림,두부,대파·쪽파
98,도토리묵무침,도토리묵,상추·양상추 / 오이 / 당근
99,닭가슴살 샐러드,닭고기 / 상추·양상추,토마토 / 파프리카
