"번호","영상 ID","채널","영상 제목"
"1","x_tKMHclPXk","먹쇠TV 요리하는셰프","💘 누룽지  이렇게 한번 끓여 보세요.누룽지요리,누룽지탕 김치,누룽지탕 만들기,김치 죽,누룽지탕 먹방,누룽지 끓이는 방법,해장국,누룽지탕 레시피,,누룽지탕 만드는법,해물누룽지탕"
"2","h2NpoOPtUcQ","라비키친Rabikitchen","백종원 전복죽 만들기, 맛있게 끓이는방법"
"3","VXOq5L8-m_w","집나간아들 Runaway Son","간장계란밥 10배 더 맛있게 먹는 방법, 더 이상 밥에 간장을 뿌리지마세요!"
"4","9w3GJY8N2L4","김진옥요리가좋다","계란말이(달걀말이) 쉽게 만드는법~어렵지 않아요!(김진옥요리가좋다)#계란말이#달걀말이#김진옥요리가좋다"
"5","OYj15IxqKJM","엄마의손맛","미역국 힘들게 하지마세요✔️ 이 방법은 맛있는 소고기미역국 만들기 1등 레시피입니다"
"6","B0xC_54i6wI","후다닥요리","사골국물처럼 뽀얀 황태해장국 맛있게 끓이는 법, 북어국 레시피"
"7","JKHIxEuAFFs","요리왕비룡 셰프TV ","명절 4인 가족 떡국, 사골 사지 마세요. '가루' 하나로 끝납니다"
"8","XPVPaa9YTNk","강쉪","정말 쉽고 간단한 토스트 7가지맛~ 꿀팁!! [강쉪]korea food recipe, Really easy, 7 taste of simple toast."
"9","BS2yS1FcUnM","Leplat  르쁠라","프렌치 토스트 이렇게 만들면 카페 안 가요 (겉바속촉 레시피)"
"10","ssDJIFKuGOY","소소식탁","호텔 조식보다 맛있는 팬케이크 만들기. 핫케이크 믹스 없이 간단한 재료로 팬케이크 반죽 만들기. pancake"
"11","5mYkyIJ1Nq0","상어이모","#오믈렛 만들기/계란오믈렛/계란오믈렛 쉽게 만들기 /요즘핫한오믈렛[상어이모.SANGEOIMO]"
"12","4A8Hg6hE75A","만개의레시피 10K Recipe","완벽한 주말브런치메뉴 🍽 홀랜다이즈소스와 수란을 얹은 에그베네딕트 [만개의레시피]"
"13","h973MzXognc","야밤에레시피 / MIDNIGHT RECIPE","연어 크림치즈 베이글 만들기 /  Salmon Cream Cheese Bagel"
"14","3yjJYqK713Q","Felli's Cafe602","[Eng] Croissant sandwich recipe / 쉬운데 폼나는 크루아상 샌드위치 만들기 /  도시락, 케이터링에도 좋아요."
"15","mxWY4l41pHs","Olive","[#골라보는] 호텔에서 먹는 스크램블 에그 & 오믈렛💛 부드러움을 최대한 끌어올린 계란요리 레시피 | #집밥백선생 #Diggle"
"16","C9rgoAVa-cE","에그맨 Egg Man","시리얼 그냥 드시지 말고 이렇게 드셔보세요"
"17","S3QkHByWzzM","라미 ramizua","[라미레시피] 🥣 오트밀 레시피 3가지 (2탄) • 오트밀 맛있게 먹는 법"
"18","AsNNYx4O2Cw","김상궁의 수랏간","그릭 요거트 볼(Greek yogurt ball) 만들기"
"19","62j2ZdaZklo","백년밥상TV","계란 삶는 법 시간 6분 촉촉한 노른자 8분 반숙 10분 완숙 끝! 소금+베이킹소다로 쉽게 까는 법"
"20","1O0o_T_idxI","집밥 세레나네","에어프라이어로 군고구마 굽기! 이렇게 해야 맛있어요. 꿀팁 대공개!"
"21","hXbIXiw10g0","엄마의손맛","참치 힘들게 먹지마세요✔️ 이 방법은 맛있는 참치마요 주먹밥 만들기 1등 레시피입니다"
"22","DnQ09ZZCjCs","백종원 PAIK JONG WON","초간단 김치찌개 ㅣ 백종원의 백종원 레시피"
"23","W-pxmbzqeyo","햇림","백종원 무된장찌개 기대 이상 맛있네요ㅣ맛남의광장 된장찌개만들기ㅣ돼지고기된장찌개ㅣ된장찌개맛있게끓이는법ㅣSoybean Paste Stew"
"24","vDBfXcNLoH4","미블리쿠킹Mively Cooking","백종원 제육볶음 황금레시피 / 맛보장! 매콤달콤 맛난 제육볶음 / 백파더 ""제육볶음"""
"25","KJAHpWjbB2k","엄마의손맛","비빔밥 10배 맛있게 만드는법🥇 이런 레시피 또 없습니다!"
"26","buHBCitrkqM","철이네밥상 Cheol`s Dining","집에서 푸짐한 순대국 만들기"
"27","hnmIZ650dLQ","김진옥요리가좋다","집에서 진한 갈비탕 만드는방법#갈비탕끓이는방법#김진옥요리가좋다#갈비탕레시피#갈비탕"
"28","RPQVZz8Dlso","세라의TheSpoon","물냉면﻿ 만들기 시판 냉면육수로 쉽게! 점심메뉴 추천"
"29","jfo-K3LTj00","요리무사","초복 보양식 삼계탕 집에서 맛있게 끓이는 비법"
"30","G2Ju8DTwJu4","happycooking120180","뚝배기 불고기 만들기"
"31","S58ablCe1GU","국수언니","백종원 부대찌개 만들기 레시피 부대찌개 재료 양념장"
"32","jW_9cJd0Cfo","엄마의가정식","춘천 닭갈비 맛있게 만드는 황금레시피"
"33","7H5gyhRG1bg","소소황 Cook & Eat","속풀리는 콩나물 국밥 맛있게 끓이는 법_ 뜨끈한 국밥 든든하게"
"34","LleHWtkyQ-w","EBSCulture (EBS 교양)","중화요리의 대가의 짜장면 레시피! 이제는 어렵게 만들지 마세요. 실패할 수 없는 짜장면 간단 레시피!│여경옥 쉐프의 짜장 레시피│최고의 요리비결│알고e즘"
"35","vxWvIb55FjM","쿡잇파파 C.E.P.P","집에서 만든 기적의 짬뽕!! 중국집 짬뽕국물 그맛 쉽게쉽게 하세요"
"36","KJP5flTPik4","끼니해결사! 집밥 문제 해결해주는 식당사장","중식 대가에게 배워온 초간단 중국집 볶음밥 만들기 | 계란볶음밥 만들기"
"37","e9jHy8AJ4yc","이연복의 복주머니","[이연복] 목란 레시피 그대로! 탕수육 최초공개 | 탕수육 소스 만들기!"
"38","BqxpjY7TJ8g","백종원 PAIK JONG WON","정말 쉽게 만드는 마파두부!! ㅣ 백종원의 쿠킹로그"
"39","AdhNFTiDLpk","여가네 / 여경래, 박은영 셰프님","박은영 셰프의 세상 쉬운 “잡채밥”"
"40","hnA22MwpiRc","Jessie 졔씨","Cook_집에서 초간단 마라탕 만들기 레시피(시판소스만 있으면 OK,냉장고를 부탁해)"
"41","f9m5Zr33CWI","요리꽃피네 Cooking Blooms","입안에서 살살 녹는 회초밥만들기ㅣ배합초 만들기ㅣ초간단 초밥만들기ㅣhow to make sushi"
"42","oAb2SbY35KU","뚝딱Tooktak","바삭바삭 돈가스 만들기 & 돈가스 소스 만들기 ( 돈까스 /돈카 )"
"43","1fy2M0Tb5cA","라멘로그 I 라멘 맛집 추천 레시피","[라멘 만들기] 시판 육수로 쇼유라멘 만들기(feat.완탕토핑 만들기)"
"44","6av02zciWZo","오늘도 밥 : Today's Meal","간단요리 | 자취요리 | 1인분 가쓰오 우동 - 일식 집에서 먹던 그 맛 그대로, 집에서도 간단하게 만드는 우동 한 그릇 !"
"45","zXpznElExPI","정호영의 오늘도 요리 Kitchen Caden","소고기는 맛있소 6편, 소고기 덮밥 규동 [Gyudong] | 정호영의 오늘도 요리"
"46","KZJ-fH3Khr4","엄마의요리랜드","초간단 집에서 회덮밥 만들기 / 초장 만드는 방법"
"47","wWKLLq4IZPo","소소한 힐링 smallhealing","초간단 메밀소바/자루소바/냉모밀 만들기"
"48","sRLoTtieX9U","한 스푼의 행운 - A Spoon of Fortune","💫집에서도 레스토랑처럼 미트소스 토마토 스파게티 만들기🍝 /🍅 홀 토마토 으깨서 직접 만든 우리집표 스파게티🧀/No Jar Sauce! Made with Whole Tomatoes"
"49","XyxvSARnol8","재키쿡 Jackie Cook","어렵지 않은 햄버거 만들기! 패티부터 만들자! 수제버거~ : Buger recipe"
"50","sVcoO3uZVgs","만개의레시피 10K Recipe","SUB) 밥으로 만드는 간단 토마토리조또 ★ [만개의레시피]"
"51","Db3nDuZ-VqI","포근한 식탁 pogeun table","간단 샌드위치 만들기, 햄 치즈 에그 토마토 샌드위치"
"52","CXWE7R24fLA","맘스레시피 Mom's recipes","SUB)정말 쉬운 초간단 또띠아 피자 만들기(에어프라이어/전자레인지 가능!!) How to make Tortilla Pizza"
"53","Cp0d2gnae-Q","랄라푸디LalaFoodie","[SUB] 홈메이드 발사믹 드레싱 샐러드 만들기 | Balsamic Dressing Salad l 초간단 드레싱 | 랄라푸디 LalaFoodie"
"54","LluhKLf7PAM","Olive","즉석떡볶이 맛집의 비법 그대로! 백종원의 '즉석 떡볶이' 레시피 | [집밥백선생 : 이웃집레시피] Tteokbokki Recipe"
"55","l5ghbqxCzTw","쿠킹써니 Cooking Sunny","김밥 이렇게 싸면 정말 쉬워요!! 세상 쉬운 김밥 싸는법!! The Easiest Way to Make Korean Kimbap!!"
"56","wdArCP5jl9E","백종원 PAIK JONG WON","백종원이 집에서 1분 만에 라볶이 만들어 먹는 법"
"57","sTlUvuYz4co","쿡피아 Cookpia","만인의 쫄면. 양념장 맛을 확~ 살려주는 비법"
"58","7D8lS6PtJgw","KFood","정성이 가득한 고기만두 만들기. 만두 황금 레시피 Korean Dumpling"
"59","CLf2Ndjz8B8","햇림","바지락칼국수 만들기, 양념장도 맛있게~칼국수 끓이는법 황금레시피"
"60","-_-QX_U3--w","강쉪","멸치육수로 시원한 잔치국수 만들기. 양념장 필요없는 황금 레시피  [강쉪] Korean Banquet Noodle"
"61","jU5CDqYAiyI","요리쑥쑥TV","쌀국수만드는법 베트남쌀국수 만들기 시판 하노이쌀국수소스 활용한 집에서쌀국수만드는법"
"62","W_fe13OA06M","라꼰즈 | Rakkonz","현지 재료 1도 안 넣고 만드는 팟타이 레시피! 백주부 비법만 있으면 집에 있는 재료로도 뚝딱 만들기 가능👍🏻｜#집밥백선생 #더밥스튜디오"
"63","hdITpIz8Umc","고요한 쿡","고형 카레 1인분 맛있게 만드는 법"
"64","92tRGtI1RCI","샾잉 #ing","[#집쿡라이브] 홍석천이 알려주는 '분짜' 레시피🥢 느억맘 소스도 간단하게 만들 수 있다! 이제 집에서 만들어 먹어봐야지,, | #샾잉"
"65","LNT1veNxlt8","공격수셰프 Striker chef","지금까지 먹은건 잊으세요!! 집에서 만들 수 있는 나시고랭!"
"66","BO7coUAYfis","이밥차","프라이팬으로  삼겹살  맛있게  굽는 법 :: Samgyeopsal (Pork belly) _이밥차"
"67","R2oeLd5txB0","후다닥요리","LA갈비 양념만들기, LA갈비 재는 방법과 맛있게 LA갈비구이 만드는 법"
"68","3IlwB5mb1r0","요미쿡 Yummy Cook","곱창전문집보다 맛있는 야채곱창볶음 만들기 l 곱창은 ⚪⚪⚪를 넣고 씻어줘야 냄새가 나지 않고 맛있어요!! l 만원으로 정말 푸짐하게 야채곱창 즐기기"
"69","3jNj4xY_1Xg","양껏! 고기에 진심인 남자","양꼬치, 10분이면 만들 수 있습니다 (초간단 양념 방법)"
"70","8IiuaQ0GIn8","가루씨의 집밥Garussi home cooking","차돌박이 부추무침 황금레시피, 간단 집들이 음식"
"71","wThaIYpVh6M","이연복의 복주머니","[이연복] 감탄만 나오는 맛! 비밀 소스가 들어간 양념치킨 레시피!"
"72","tZGmxMvm0_Y","뚝딱Tooktak","' 수육 ' 보쌈집처럼 맛있게 수육 삶는법 ( 실제 맛집 보쌈 삶는 노하우 )"
"73","OyNfGShafMA","뽀여사밥상 mrs. bbomi","집에서 족발 맛있게 삶기 / 족발레시피"
"74","XgvLAH0msec","신나는셰프 김선영","요리초보도 집에서 간단하게 돼지등뼈 감자탕 만들기!"
"75","-EwR5eshbPE","백종원 PAIK JONG WON","'말복'에는 얼큰한 '닭볶음탕'으로 원기회복하세요! ㅣ 백종원의 백종원 레시피"
"76","RtC-sCV_2js","김진옥요리가좋다","집에서 안동찜닭 만드는 법 간장찜닭 닭찜 레시피"
"77","ilX1IxitM3k","소소황 Cook & Eat","바삭바삭 [해물파전] 앞으로 파전은 이렇게 부치세요! 간단하게 세상 맛있는 강력추천👍 레시피"
"78","77Ypdqp-KNg","요미쿡 Yummy Cook","[아구찜] 전문점보다 맛있는 아구찜 집에서 만들기  ✔ 아귀를 끓일 때는 '절대' 물을 넣지 마세요"
"79","YqL4t_0axCw","가루씨의 집밥Garussi home cooking","인생 돼지고기 김치찜 만들기 꼭 해보세요! 감칠맛이 입안에서 폭발합니다 / 묵은지 김치찜 황금레시피"
"80","gOcQ5t7I5AU","이연복의 복주머니","[이연복] 특별소스로 만드는 초간단 마라샹궈 완성!"
"81","-R6vQNwsg1Y","신야채 newyachae","하이디라오 훠궈 소스로 집에서 훠궈 만들기(with my mom❤️), 건희소스 최고!"
"82","MSmuku2C2cA","햇림","깐풍기 만들기, 간단한 레시피로 맛있는 깐풍기 만드는법 [Deep-fried Chicken in Hot Pepper Sauce]"
"83","lD-FulH1fYQ","이연복의 복주머니","[이연복] 냉장고에 남은 야채로 만드는! 양장피!"
"84","eI6fMzvMbiw","happycooking120180","샤오마이 (새우 돼지고기 딤섬) 만들기 (how to make siu mai)"
"85","onvlM06_Du8","happycooking120180","식당 차려도 되는 샤브샤브 만들기(shabu shabu)"
"86","fSO1BUWp0lY","정호영의 오늘도 요리 Kitchen Caden","[정호영X김형석] 일식 셰프가 알려주는 스키야키~! 이렇게 쉬운 방법이???!!!"
"87","pmQVq1IELRA","일식조리기술원","생선회를 예쁘게 담는법. 4가지 스타일"
"88","lzq6PB5m_L8","만개의레시피 10K Recipe","일본 안가도 먹을 수 있는 방법이 있지! 집에서 만나는 오코노미야키 [만개의레시피]"
"89","YzE8FWU1S08","kitchen-GONTA","일본인이 알려드리는 야키토리 만들기/간단하고 맛있는 야키토리 소스/일본 닭꼬치 만들기/프라이팬 야키토리/네기마/yakitori/やきとり"
"90","IPN0NgmXOCM","야밤에레시피 / MIDNIGHT RECIPE","텐동 만들기 , 일본식 튀김 덮밥 만드는 방법 / tendon recipe"
"91","NRYdXhBqc-c","tvN Joy","[#스테이크] 집에서도 역대급 스테이크 굽기 가능?🔥🔥 소고기 굽기 장인 백종원이 알려주는 완벽하게 육즙 가득한 스테이크 굽는 법!!👏"
"92","i7ZAJLci6vE","오이향 Cookbook","[감바스 만들기]집에서 초간단 🦐🥦 감바스 알 아히요 만드는법🦐🥦 Gambas al Ajillo Recipe"
"93","N-35LR4S1GU","우리의식탁 W TABLE","초간단 라자냐 레시피, 대공개!"
"94","BywEM2t26oQ","만개의레시피 10K Recipe","SUB) 피쉬앤칩스 ~! 영국에만 있던가?! 만개에도 있지?! : Fish and Chips [만개의레시피]"
"95","Q1wmLDMM0ic","스윗젬마_sweetgemma","월남쌈 2가지 소스만들기, 땅콩소스 & 피시소스, 월남쌈 먹는법"
"96","tHc7zF2JK8k","판타지나 FantaGina(지나의 healthy life)","너무 특별한 한끼! 하와이안 연어 포케 보울 만들기 Hawaiian Salmon Poke Bowl"
"97","JoYT480nTNQ","요리왕비룡 셰프TV ","비오는 날, 두부조림 너무 쉬워요😃 이 간단한 방법이 역시 최고입니다."
"98","tyWWvCAxhXU","쿠킹옥 Cooking OK Korean food","도토리묵무침 이렇게 무쳤더니 정말 맛있어요~입맛 사로 잡는 양념장을 넣어 쉽고 맛있게 무쳐드세요"
"99","VL8RG_CsQOI","슈왕 Chef_Shu Wang","[닭가슴살 샐러드] 샐러드 드레싱 만들기 이렇게 쉬운데 왜 사먹어~? | 닭가슴살 삶지않고 맛있게 먹는 법 | 다이어트식단 | How to make Salad Dressing"
"102","i8Z0hI2UGCM","추추의 한끼식사","세상 맛있는! 호박죽 맛있게 만드는 3가지 방법!"
"103","5p_Q0OYBbuQ","쉽게 맛있게 혜란쌤","소고기야채죽, 소고기죽, 소고기죽 만들기, 소고기야채죽만드는법"
"104","vX8lKzAU0zU","땅끝마을 임선생","푸딩같은 '달걀찜' 기가막힌 감칠맛 내는 비법! 몽글몽글 너무 부드러워요~"
"105","_iVwtnO_w6U","엄마의손맛","따끈하고 구수한 국물맛이 일품 시금치 된장국 정말 맛있어요"
"106","SeUG8iRDE_g","백종원 PAIK JONG WON","숨~이 살아 있는 시원한 콩나물국 끓이는 법"
"107","EaS2PnNFtXw","소소황 Cook & Eat","소고기 절대 볶지마세요! 모두가 극찬하는 인생 [소고기뭇국] 끓이기 깔끔하고 시원한 국물이 기가 막힙니다👍"
"108","QRzfpB2ymcA","엄마의손맛","초보자도 쉽게 끓이는 계란국 이렇게 끓이면 절대 실패없고 맛있어요👍"
"109","zKGV9o50_rM","헬로우미자씨","초간단 감자국 맛있게 끓이기 - 속을 든든하게 채워주는 따뜻한 감자국 레시피"
"110","4rNFj5gyRUs","밥상차려주는남자","김치볶음밥은 이걸로 끝내 #shorts#김치볶음밥#레시피#집밥#밥차남"
"111","LCcfv4xCw1w","엄마의손맛","오이냉국 힘들게 하지마세요✔️ 이 방법은 맛있는 오이냉국 만들기 1등 레시피입니다"
"112","A9odjRub5w4","서담 seodam","겉바속촉 완벽한 와플 레시피 이렇게 만들어보세요!"
"113","Gh47wGbeOxw","김찹찹 | 찹찹키친","현실적인 초간단 브런치 메뉴 | 4가지 쉬운 아보카도 계란 토스트"
"114","baykyZhGnTw","J. Dessert 제이디저트","사르르 녹는 부드러운 계란 마요 샌드위치 만들기  / 에그샌드위치 레시피는 이걸로 정착하세요 Egg sandwich"
"115","B08-ZVsbHGQ","숲속의 버터 Butter in the Forest","쉽고 간단하게 영양 가득 시금치 프리타타! 이탈리아식 오믈렛! '뭐가 이렇게 맛있지'"
"116","1F4soB3rlMI","백종원 PAIK JONG WON","숟가락을 놓을 수 없는 악마 레시피! 에그 인 헬"
"117","gxAdGvAu4wo","빵타지아 BBangtasia","간단하게 크로크무슈 만드는 법  [브런치카페 레시피 ] Croque monsieur"
"118","6XJ5O6AWBK0","국가비 GabieKook","원팬 잉글리쉬 브렉퍼스트!🍳 🥓"
"119","j0-_vTbLALM","백종원 PAIK JONG WON","요즘 감자 저렴하죠? 맛도 좋고 만들기도 쉬운 감자 스프!! l 백종원의 백종원레시피"
"120","lDtKEhZHYmM","해주오_Cooking","크리미한 맛의 끝판왕! 아웃백 스타일 양송이 스프 🍄"
"121","DiCKZq3fMzE","매일맛나 delicious day","진짜 바삭한 해시브라운 만드는법 :: 치즈 해쉬브라운 :: 감자요리 :: McDonald's Hash Brown"
"122","BfwfbSFaCkw","아카이빗 ARCHIVEAT","[요고팁] 달달구리 바나나스무디✨RP.05 요리고수 꿀팁✨(feat.요리고수 최진)"
"123","1OYda62ucuA","소소황 Cook & Eat","너무 간단한데 ""OOO"" 넣어 물 생기지않고 나도 모르게 팍팍 퍼먹고있는 인생 과일사라다"
"124","GCP0MMLg1HA","토깽이 아줌마의 살림일기","할머니가 감자 삶을 때 꼭 넣던 이것, 저도 그대로 따라해요 (포실포실 찐감자)"
"125","rjqYDbisvXE","김진순 점심시간","옥수수 삶는 레시피 부터, 보관 방법까지!🌽💛"
"126","gq4NxMCsjvw","집나간아들 Runaway Son","가래떡 구워 먹지마세요, 옆집 할머니가 뛰어와 내 것까지 두 접시 드셨습니다"
"127","pTvMsM2v1tg","백종원 PAIK JONG WON","토마토 달걀 볶음! 드셔보셨나요?"
"128","ZRZSLGe6kSs","소소황 Cook & Eat","지금까지 먹은 유부초밥 중 최고!! 엄청 쉽고 맛있는데 특별한 날 도시락으로 인기만점💯 [크래미 유부초밥]"
"129","29MQWo1LGp4","모먹찌 - 간단요리, 자취요리","단호박찜 전자렌지로 초간단하게 만들기 I 건강하고 촉촉하고 달달한 단호박 찌는법"
"130","TzFyIFBBrFo","이연복의 복주머니","[이연복] 고소한 맛에 부드러운 식감! 두부계란볶음"
"131","ngHED63XAu0","selfloveyori샐럽요리","계란 양배추 또띠아 | 냉장고 재료로 5분 만에 완성하는 초간단 아침 한 끼"
"132","64z2cPIcZzA","첫째아들","이것만보면 인생 순두부찌개 평생 써먹습니다 . 누구나 전문점보다 순두부찌개 맛있게 만드는 법  / 순두부찌개 황금레시피"
"133","YOpKQzfQAhg","쿠키키친CookyKitchen","오징어볶음 이렇게 하면 물 하나도 안생겨요! 누가 만들어도 칭찬받는 오징어볶음양념장! 오징어볶음 황금레시피"
"134","jN_inaLf9Zo","백종원 PAIK JONG WON","육개장 만드는 데 20분이면 가능"
"135","t3BlHUp2rcI","알찬집밥","설렁탕 무조건 성공입니다~ 👍 이 방법대로 만들어보세요^^"
"136","wezbeu4-C2s","백종원 PAIK JONG WON","편견을 버리세요! 청국장이 좋아지는 레시피"
"137","b-EfvcyNNao","요리꽃피네 Cooking Blooms","쌈밥집보다 더 맛있다는 우리집 레시피🧡맛있는 참치쌈장만들기ㅣ케일과 알배추쌈밥 맛있게 만들기"
"138","zmk-dNjcCdM","강레오 걍레오","EP3. 요리 첫 시작은 '고등어구이'로 해보겠습니다."
"139","gUYeEasWU58","백종원 PAIK JONG WON","제일 쉬운 생선찌개! 동태찌개!!! 얼큰하게 부글부글 ㅋ ㅑㅑㅑㅑ ㅣ 백종원의 백종원레시피"
"140","u_xPZSxI4_c","맛팩토리","『알탕』은 이렇게 끓이시면 실패 없으세요~"
"141","UvwXw6SF8As","소소황 Cook & Eat","진짜 쉽고 맛나요!👍 세상 쉬운 감자 돼지짜글이 제일 맛있게 만드는 법. 밥 한공기🍚 추가요~"
"142","Lpl6PnMV_WI","알토란 - 집밥 레시피","중식 대가가 쉽게 알려주는 고급 요리, 유산슬달걀덮밥 (#이연복) MBN 231231 방송"
"143","otHtsFTrQWc","주부맘의 하루한끼","집에서도 중국집 울면 만들 수 있는 레시피!"
"144","6cU7UR-5-vo","소소황 Cook & Eat","더위먹은 입맛도 확!🔥 돌아오는 기가막힌 맛👍 쉽고 간단하게 식사와 술안주 모두 해결!! [고추잡채]"
"145","3OwIXlvjjyk","백종원 PAIK JONG WON","팔아도 되는 꿔바로우"
"146","MdIPOVgK4lA","소소황 Cook & Eat","손님들이 모두 극찬한 튀기지않고 바삭바삭 고급진 [유린기] 상큼한 소스가 일품입니다"
"147","Kx4-LkkmR3w","밥상차려주는남자","중식당 안 가도 되는 이유, 집밥 중화비빔밥 만드는 방법"
"148","PH5lx-pcAQI","EBS 최고의 요리비결","면도 국물도 없는 짬뽕! 해물볶음짬뽕 레시피"
"149","b1WOigPmOvw","후지와라의 밥상","요리 이름이 천진반 ㅋㅋ 중화요리 ""텐신항"" 【天津飯 | Tenshinhan】"
"150","ZhzpTS4l9L4","여경옥의 옥사부tv okcheftv","(212번째 요리) 탄탄면"
"151","Hob9nyg6TyA","밥하는 아들","대만 우육면: 이 레시피를 보시면 대만 비행기표를 아끼신겁니다"
"152","ITAIKQN910s","아빠막요리 K-Daddy's cuisine","닭고기는 야들야들, 계란은 부들부들 | 일본식 오야코동 제대로 만드는 법!"
"153","SIrLorBvhZ0","산수골목장 SANSUGOL","식당 사장님께 배운 돈까스덮밥(가츠동) 간단 레시피"
"154","ovESTMIkIiQ","이연복의 복주머니","[이연복] 야키소바"
"155","Q6buTQ55fLQ","삼플식당(Sam Simple Restaurant)","간편 연어덮밥 레시피! 집에서 10분 완성 사케동 만들기!"
"156","sAAgSxoLrXc","DiningTable 다이닝테이블","SUB) 부타동, 일본식 돼지고기 덮밥 만들기 Butadon | How to Make Japanese Pork Bowl"
"157","AlK2Gl6kHZI","백종원 PAIK JONG WON","[Sub] 정말 '크리미'해요. 집에서 간단하게 색다른 오므라이스!!"
"158","jCASd72mA6w","쿠키키친CookyKitchen","치킨 가라아게 | 심야식당 치킨 가라아게 만들기 | 일본식 닭튀김 치킨 가라아게 만드는법 | Chicken Karaage |  からあげ"
"159","nFxGsBaCbJ4","육대디 6DADDY","규카츠 먹다가 와이프랑 싸운 썰 푼다!! 규카츠 쉽게 만들기!!"
"160","h4icCsxxH_0","KBS Entertain","[시호표 치킨난반] 바삭하게 튀긴 순살 닭고기에 시호표 초/간/단 타르타르 소스가 맛도리💗 [신상출시 편스토랑/Fun_Staurant] | KBS 260320 방송"
"161","_H6zRCTbgis","S&B FOODS","돈까스카레(S&B 골든카레)"
"162","uF6HSy_rn0g","육식맨 YOOXICMAN","홈메이드 관찰레 + 정통 까르보나라 : 조회수 550만 'King of Carbonara' 레시피의 위엄"
"163","ohihzV6Z85k","백종원 PAIK JONG WON","이탈리아 정통 말고 한국 스타일! K-알리오올리오"
"164","SH16wpCMWvU","우리쿠킴 cookim","로제파스타 만들기-집에서 전문점처럼 먹기-5성급 호텔출신 셰프가 알려주는 섹시한 자취요리"
"165","pv7NKU97eG8","매일맛나 delicious day","너무 쉬운 치킨퀘사디아 만들기 | 초간단 토마토 살사소스 | 쉬운 재료로 만드는 퀘사디아 | 브런치만들기 | 또띠아요리 | 멕시칸요리 | Chicken Quesadilla"
"166","ACu2RKLN174","일등감의 쉬운 레시피","너무 쉽고 맛있는 코스트코 불고기 부리또 밀프랩! 아침에 10분 더 주무세요!"
"167","7H22V-X5f3o","매일맛나 delicious day","쉽게 치킨타코 만들기 :: 갈릭소스로 더 맛있게 :: 또띠아 요리 :: 맥시칸 치킨타코 :: Mexican Chicken Tacos Recipe :: Easy Recipe"
"168","TZ7X3O4vHIM","김찹찹 | 찹찹키친","초간단 역대급 맛 파니니 샌드위치 레시피 | 너무 쉬운 시금치 토스트 브런치 만들기"
"169","F2fyu-TY8SY","아란 레시피","생크림 없이 치즈감자그라탕 만들기(Cheese potato gratang)│아란레시피"
"170","IZUb8Lk0lWw","KK DINING","베이컨 김치필라프 만들기! - How to make the Kimchi Pilaff"
"171","pMgzjfbaUew","J. Dessert 제이디저트","카페에서 판매하는 어니언 핫도그  만들기 / Onion Sausage Hot Dog :: 지니 Jiny"
"172","gesnBr3acQ4","KBS Entertain","[어남선생 레시피] 3천원 마트 순대 먹는 법★집에서 신림동 철판 순대볶음이 15분 만에 가능! [신상출시 편스토랑/Fun-Staurant] | KBS 231020 방송"
"173","GdbMge8FT5w","정연네집밥","모둠튀김 쉽고 빠르게 맛있게 만드는 법"
"174","wdeMK-G0CiE","양장금주부","어묵요리[어묵국]이것만 기억해!오뎅국 맛있게 끓이는 방법2가지!오뎅탕/어묵탕/fish cake soup."
"175","ZO453LUyKSQ","추추의 한끼식사","세상에 이게 내가 만든 양념장? 비빔국수의 맛의 비법 3가지!!"
"176","9O8DV_CaVsA","요리왕비룡 셰프TV ","소금물을 만들어주세요. 대박집 감자수제비 이렇게 만들어 정말 쫀득하게 맛있어요~"
"177","ZAV4qWRr-0s","쉽게쿡쿡","윤남노 라면 레시피! 초간단인데 정말 맛있다!"
"178","NZMpt5kZVwM","써니여사 건강레시피","설탕없이 분식집보다 맛있는 떡꼬치 소스 만들기 | 건강한 떡꼬치 만들기 | 아이들간식으로도 좋아요"
"179","_XnQcobZFb4","쿠키키친CookyKitchen","콩국수만드는법 | 서리태, 이젠 불리지 말고 이렇게 만드세요~ 식감은 올리고 칼로리는 낮춘 오이콩국수 만들기 Soy Milk Noodle Soup (Kongguksu)"
"180","At-u3lwsFtk","백종원 PAIK JONG WON","떡만둣국, 사골 육수 없이 '이것'먼저 넣으면 풍미가 폭발합니다"
"181","s88tIlstDo4","호주가이버hojugyver","감자 고로케 만들기가 넘 쉬운거였더래요 / 그리운 맛 추억의 감자 고로케 / 한입 베어물었을 때 입안 가득 퍼지는 행복감 / potato croquette recipe"
"182","1qeHodUOot4","soovely kitchen(쑤블리 키친) : Cooking & Mukbang ","[SUB]베트남 별미 반미 샌드위치를 5분만에 뚝딱! | 놓치면 후회"
"183","dRwhLL7v9t4","아하부장_JOHNCOOK","똠얌꿍! 현지의 맛 그대로, 간단 레시피"
"184","F03L3y_J8-4","LULULUNE","▒ 가파오라이스 ▒  태국식 고기덮밥│팟카프라오│바질요리│간돼지고기요리│고추요리│ガパオライス│피쉬소스요리│두반장요리│굴소스요리│집콕해외여행"
"185","b6KBLEHAUW8","살림팝","태국식볶음밥"
"186","16-0yyvnqF4","쉽쿡","발리 최고 맛집에서 직접 배운 '진짜'미고랭"
"187","YO_2I7HMIP8","[먹고사는재미] 세계요리도전기","[Singapore] 싱가폴 현지 방식 그대로 만드는 카통 락사(커리 락사, 락사 르막) Katong laksa, curry laksa, laksa lemak"
"188","Alvt-zupJK8","YONDA’s BKK - Yonda의 방콕 주방","그린커리 | 작은 차이로 달라지는 맛과 비주얼! | 진짜 태국에서 만드는 방법으로 만들어 봅시다"
"189","xeFWjDZh8GA","TheKitchen DANDY 단디의 부엌","물없이 싸먹는 라이스페이퍼 | 베트남 요리 | 반쎄오 가루없이 만드는법 레시피 자세하게 바삭한 반죽 찢어지지않게 만들기"
"190","5qHgbB0IbnQ","아빠막요리 K-Daddy's cuisine","세상에서 가장 맛있는 커리, 인도식 버터 치킨커리 만들기 | 7살짜리 아이도 매일 찾아요!"
"191","dnUNXP6uF1g","Nelly Jubang 넬리의 주방","🇸🇬싱가포르 하이난 치킨라이스 정식 레시피 :: Singapore Hainanese chicken rice :: 海南鸡饭 [31]"
"192","TagDt0eyxx4","쿡경희","💥떡갈비 이대로만 따라 해보세요! 환호성이 절로 나옵니다💯"
"193","sQ4BVnVfw80","쿠키키친CookyKitchen","등갈비찜 복잡한 재료없이 쉽고 맛있게 만드는법 | 뼈가 쏙~ 빠지는 등갈비찜 만들기"
"194","tt1QietSbLs","알찬집밥","[훈제오리볶음] 가장 맛있고 건강하게 먹는방법!👍 요리시간 5분이면 근사하게 뚝딱😄"
"195","oYudwbKHLcE","뚝딱Tooktak","가성비 갑 돼지목살 스테이크 맛있게 굽는 법 ( 간단한 스테이크소스 만들기 )"
"196","sTz_mdf2ng8","소소황 Cook & Eat","[고추장 돼지불고기] 10분만에 맛집보다 맛있게 만드는 법"
"197","pr3F9NtIQpE","심방골주부 Korean Food Recipes","기본에 충실한 가장 맛있는 한우 육회를 만드는 방법 심방골주부"
"198","FrMAj4G5cLE","밥상차려주는남자","무조건 술땡기게 만드는 역대급 술안주 [뼈없는 닭발] 레시피"
"199","fq_A4pj4oho","요리팁","막창을 집에서 가성비있게 굽고 볶음으로 만들기"
"200","9-ngcDtQDyI","요리왕비룡 셰프TV ","요리시간 10분! 양념돼지갈비 초간단 가정용 비법 대공개합니다! 정말 맛있어요~!!"
"201","tp1UG-c6lhE","고향누나 자연식단","💚소불고기💚맛있게 만드는법, 설탕없이 소고기주물럭 양념 맛있게 만들기 | 소고기 추석 요리 레시피"
"202","WZZWstwWUxg","김진옥요리가좋다","소갈비찜 부드럽게 맛있게 만들기#소갈비찜#갈비찜양념"
"203","wYnZGZFuX0M","엄마의손맛","고등어조림 힘들게 하지마세요✔️ 이 방법은 맛있는 고등어조림 만들기 1등 레시피입니다"
"204","SYTNgIXwTLI","소소한 힐링 smallhealing","편스토랑 이정현 닭한마리 레시피 / 매운겨자소스 / 종로닭한마리"
"205","iCd5vrnM-jI","엄마밥상매일Mom's table every day","해물탕 맛있게 끓이는 법/비오는 날 먹고싶은 음식/해물탕 (haemultang / Spicy Seafood Stew)/해물요리/맛집에서도 맛 볼 수 없는 맛! 해물 레시피/"
"206","NVM0rwvQ8nQ","요리왕비룡 셰프TV ","🔔낙지볶음 어렵지 않아요. 수분없이 이렇게 만들어보세요!!"
"207","8Q6UppvbZqI","소소황 Cook & Eat","반죽에 물 넣지말고 '이것' 넣으세요! 바삭바삭 김치전 가장 맛있게 부치는법. 새로운 조합 고소함이 100배👍"
"208","26ufNzZSKnM","함께해요 맛나요리","💚소고기무국보다 맛있는 초간단 생선매운탕/ 꿀맛보장 레시피비법 모두 공개 / 안보면 정말 후회!"
"209","AnnCoea3mo8","전여사 전기밥솥COOK","버섯전골 - 맛있는 버섯전골 간단하게 만드는법"
"210","zPEdSv1Blpo","요리왕비룡 셰프TV ","뚝딱 만드는 명절 잡채 이렇게만 하면 잡채가 불지 않아요!"
"211","hXZ9ZdrK7fs","요리왕비룡 셰프TV ","입에 착! 달라붙는 식당식 ‘두부김치’"
"212","1IwJu8sxeDk","아빠막요리 K-Daddy's cuisine","팔보채 초간단 레시피 | 유명 중식당 특급 양념 비법으로 맛은 그대로 | 10분도 안걸려요!"
"213","SpaHdzvQRV4","여경옥의 옥사부tv okcheftv","(149번째 요리) 새우칠리소스. 깐쇼새우"
"214","SgYqtriQZVA","고모키친","동파육 쉽게 만들기 🧡삼겹살과 ⭕️⭕️는 정말 잘어울려요 #동파육 SUB"
"215","OnO5gE2F14Y","세라의TheSpoon","이연복 셰프님 멘보샤 만들기 소스까지 성공!"
"216","m__ViluIlmw","화니의 주방","[화니의 요리] 짜장면에~ 질렸다면? '경장육슬'(5분 풀버전) / 경장육사 / 고기짜장볶음 / 중화요리 / 京醬肉絲"
"217","gf2jkIcxqYc","세라의TheSpoon","어향가지 (Szechuan Spicy Eggplant) 편스토랑 류수영 어향가지 어향소스/중국식 가지요리 가지튀김 만들기 어남선생 레시피/ 맥주안주 추천"
"218","5aJGf3lfpsc","화니의 주방","[화니의 요리] 헉! 치느님의~ 매콤한 변신! '라조기' 만들기 / Stir-fried Chicken in Hot Sauce / 辣椒鷄 / Asia Food / 늄냠TV"
"219","fYnvAOvLeoo","정호영의 오늘도 요리 Kitchen Caden","[5천원의 중식 ‘레몬 크림새우’] 5천원인데 이렇게 푸짐해? 절대절대 사 먹지 마세요!"
"220","EO-Mz1rV5D4","알토란 - 집밥 레시피","동그랑땡난자완스 (신효섭 레시피) MBN 210905 방송"
"221","4ehZv7B1P5I","화니의 주방","[화니의 요리] 풍부한 식감~ 매콤하고 고소한! '궁보계정' 만들기 / Kung Pao Chicken / Gong Bao Ji Ding / 宮保鸡丁/ Asia Food / 늄냠TV"
"222","btc0CFWNfvk","미묘한cook 깡이손","비밀은 반죽에 있어요❗️집에서 타코야끼 만들기🐙💯 | 타코야끼 황금반죽  How to make takoyaki"
"223","7_u1YxkKXIA","뿌뿌키친BBubbu Kitchen","[ENG] 일본식 대창전골, 모츠나베 만들기 : How to make Motsunabe : #183"
"224","uzXsa93jhXQ","찐밥상","정호영 셰프의 닭다리살 데리야끼 덮밥 만들기🍗 | 간단하고 맛있는 일식 레시피"
"225","ypnFzmmmgZ4","준식당 Juns Diner","[SUB] 가쓰오부시 없이 감칠맛을? 가정에서도 간단하게 차완무시 만들기 꿀팁! [Steamed Eggs]"
"226","ZTPE8WmZocU","울산댁의 오늘저녁, K-mom's cuisine","전문점 보다 알찬 1인 1마리 장어덮밥 이제 집에서 만드세요(소스 비법 공유)"
"227","ubm7AKixUqs","레시피라운지","백종원 돈까스 김치나베 레시피"
"228","n7VxhTG0b6M","엄마의손맛","""밀푀유나베"" 크리스마스 연말 밥상에 올리면 기립박수 받습니다! 초간단 밀푀유나베 레시피"
"229","3obv037aKNM","정호영의 오늘도 요리 Kitchen Caden","[정호영] 야끼교자! 단 15분이면 완성! 일본 안 가도 됨"
"230","mdElp2o6vYY","키요쿡kiyocook","[일본가정식]#8 소고기 감자조림 만들기 Nikujaga 肉じゃが (니쿠자가 레시피) [키요쿡 kiyocook]"
"231","b_mT22Doza8","세라의TheSpoon","명란 오차즈케 만들기 Ochazuke ﻿일본 가정식 명란 요리"
"232","wl5bkEgKXOw","델리 테이블 Deli Table","언니네 산지직송2 염정아 함박 스테이크 레시피 소스부터 맛있게 굽는 법까지 알려 드려요🙂 | Deli Table 델리 테이블"
"233","q_bbQE-bDGo","아빠막요리 K-Daddy's cuisine","집에서 만드는 초간단 바베큐 폭립 | 비법 소스만 잘 발라 오븐에 구워만 주세요 | 돈버는 요리!"
"234","fvPA1g-nWkM","정호영의 오늘도 요리 Kitchen Caden","연어 스테이크! 이렇게 구우면 레스토랑 안 가도 됩니다"
"235","Oi-DcG-8JlU","간단요리 easy cooking","닭다리살 스테이크 치킨 스테이크 레시피"
"236","UnJamCzJdHY","제이슨쿡","크림감자뇨끼  만들기! 반죽은 그대로만 따라하면 성공합니다!소스 레시피"
"237","cKIqdY3axgE","우리의식탁 W TABLE","라따뚜이는 꼭 이렇게 만들어 드셔보세요❗프랑스 가정식 #라따뚜이"
"238","mfZLhjC6cT8","엄마의살림mothersalrim","토마토스튜/ 홈메이드 비프스튜 만들기/카레보다 쉬운 토마토스튜"
"239","ojd0zUsD1oY","Jumi Park","Secret recipe for beautiful Paella / 스페인 전통요리 파에야 만들기"
"240","fDbsCWWHQ8c","아느로","만원도 안 들이고 홈파티 무드 완성! 초간단 로스트 치킨! 4가지만 기억✨"
"241","ZuF6J4WMcec","나만의 쉐프","집에서 봉골레 파스타 만들때는 제발 조개를 이렇게 써보세요 | 파스타 레시피"
"242","08QF6-mejHM","힐링집밥","두부스테이크 만들기 고기보다 맛있어요"
"243","ZHAEgedOx1s","라쉐프 쿡 La Chef Cook","[다이어트] 초간단 발사믹소스 만들기, 맛있는 카프레제 샐러드"
"244","Mw81hNBxKY4","다이트TV","[초간단 다이어트 레시피] 가지가 이렇게 맛있다고? 치즈 가지구이🍆"
"245","HXYD0-43VHE","에브리맘 everyday delicious recipe","(SUB) 양배추롤 Cabbage roll｜영양만점! 양배추 느낌 1도 없는 양배추 요리, 캐비지롤😍 ｜껌,easy Recipe [에브리맘]​"
"246","QwsI6S2gQNI","Soon Cook TV","실곤약 비빔국수! 새콤달콤한 다이어트 요리 순쿡 레시피"
"247","ZFCzQt019Do","주부맘의 하루한끼","훈제연어요리 훈제연어 샐러드 만드는 방법! 오리엔탈 드레싱 만들기"
"248","LbdN1yPWj9A","다이트TV","[초간단 다이어트 레시피] 두부면 로제 파스타 – 대세는 끝나지 않았다! 다이어트 로제 파스타!"
"249","CUgXypbd8Qo","세라의TheSpoon","콥샐러드 만들기/콥샐러드 드레싱, 랜치드레싱 만들기/Cobb Salad & Ranch Dressing"
"250","ui2Y2p7_Gg0","분당부부","쉽고 맛있는 양배추참치덮밥 만들기 🍲 초간단 레시피"
"251","1jqDsaqVxSY","선샤인 행복요리-Sunshine Happy Cooking","버섯의 풍미와 쫄깃한 식감이 너무 좋은 버섯 샐러드 |  영양가가 풍부한 샐러드 | 버섯 이렇게도 드셔보세요 | Salad with mushroom | 선샤인행복요리"

